"#ENG #bEL #PAN #TUN  #EnglandvBelgium #BelvsEng #PanamaTunisia #Tunisia #Belgium ""Inglaterra x Belgica""â€¦ https://t.co/Z5cypbdX3T",negative
RT @PolandTravel_jp: ãã‚Œã‹ã‚‰ã‚‚ã†ä¸€ã¤ã€‚#FIFA2018 ã®ä»¶ã§å½“å±€ã«é›»è©±ã‚’ã‹ã‘ã¦ã“ã‚‰ã‚Œã‚‹ç•ªçµ„åˆ¶ä½œä¼šç¤¾ã®çš†ã•ã‚“ã¯ã€ã»ã¨ã‚“ã©ãŒé›»è©±ç•ªå·éè¡¨ç¤ºã§ã‹ã‘ã¦æ¥ã‚‰ã‚Œã¾ã™ãŒã€ã“ã‚Œã¯ã„ã‹ãŒãªã‚‚ã®ã§ã—ã‚‡ã†ï¼Ÿ,negative
RT @PolandTravel_jp: ãã‚Œã‹ã‚‰ã‚‚ã†ä¸€ã¤ã€‚#FIFA2018 ã®ä»¶ã§å½“å±€ã«é›»è©±ã‚’ã‹ã‘ã¦ã“ã‚‰ã‚Œã‚‹ç•ªçµ„åˆ¶ä½œä¼šç¤¾ã®çš†ã•ã‚“ã¯ã€ã»ã¨ã‚“ã©ãŒé›»è©±ç•ªå·éè¡¨ç¤ºã§ã‹ã‘ã¦æ¥ã‚‰ã‚Œã¾ã™ãŒã€ã“ã‚Œã¯ã„ã‹ãŒãªã‚‚ã®ã§ã—ã‚‡ã†ï¼Ÿ,negative
RT @PolandTravel_jp: ãã‚Œã‹ã‚‰ã‚‚ã†ä¸€ã¤ã€‚#FIFA2018 ã®ä»¶ã§å½“å±€ã«é›»è©±ã‚’ã‹ã‘ã¦ã“ã‚‰ã‚Œã‚‹ç•ªçµ„åˆ¶ä½œä¼šç¤¾ã®çš†ã•ã‚“ã¯ã€ã»ã¨ã‚“ã©ãŒé›»è©±ç•ªå·éè¡¨ç¤ºã§ã‹ã‘ã¦æ¥ã‚‰ã‚Œã¾ã™ãŒã€ã“ã‚Œã¯ã„ã‹ãŒãªã‚‚ã®ã§ã—ã‚‡ã†ï¼Ÿ,negative
Ğ¢ĞµĞºÑÑ‚Ğ¾Ğ²Ğ°Ñ Ñ‚Ñ€Ğ°Ğ½ÑĞ»ÑÑ†Ğ¸Ñ Ğ¼Ğ°Ñ‚Ñ‡Ğ° ĞĞ½Ğ³Ğ»Ğ¸Ñ â€” Ğ‘ĞµĞ»ÑŒĞ³Ğ¸Ñ. Ğ§ĞµĞ¼Ğ¿Ğ¸Ğ¾Ğ½Ğ°Ñ‚ Ğ¼Ğ¸Ñ€Ğ° Ğ¿Ğ¾ Ñ„ÑƒÑ‚Ğ±Ğ¾Ğ»Ñƒ 2018 â€” Ğ Ğ¢ Ğ½Ğ° Ñ€ÑƒÑÑĞºĞ¾Ğ¼ https://t.co/94N96zoyJ2,negative
RT @simonfromharlow: Group Winners and Runners Up into a hat after the Group Stage. FIFA carry out a draw - Eight random games for the lastâ€¦,negative
RT @CotswoldLadyB: Pssstt... *Ladies - if you need to go shopping - for ANYTHING - may I suggest you do so in the next 90 minutes.. Thereâ€™sâ€¦,negative
Ooooh god Iâ€™m half British half Belgian what do I DOOOO #FIFA2018 #BelgianRedDevils #EnglandvsBelgium,negative
Ğ¢ĞµĞºÑÑ‚Ğ¾Ğ²Ğ°Ñ Ñ‚Ñ€Ğ°Ğ½ÑĞ»ÑÑ†Ğ¸Ñ Ğ¼Ğ°Ñ‚Ñ‡Ğ° ĞŸĞ°Ğ½Ğ°Ğ¼Ğ° â€” Ğ¢ÑƒĞ½Ğ¸Ñ. Ğ§ĞµĞ¼Ğ¿Ğ¸Ğ¾Ğ½Ğ°Ñ‚ Ğ¼Ğ¸Ñ€Ğ° Ğ¿Ğ¾ Ñ„ÑƒÑ‚Ğ±Ğ¾Ğ»Ñƒ 2018 â€” Ğ Ğ¢ Ğ½Ğ° Ñ€ÑƒÑÑĞºĞ¾Ğ¼ https://t.co/8OXrzS9gTJ,negative
"SUSTITUCIÃ“N
Cambio de Inglaterra , entra Harry Maguire sale John Stones
âš½ï¸#CopaMundial #FIFA2018 https://t.co/8xWH5PPtSf",negative
"RT @betonchart: Germany ğŸ‡©ğŸ‡ª Football Team has crashed out of the competition, and Asian football is rising on this World Cup. Read our freshâ€¦",negative
"First half of #ENGBEL match...

#ENG
#BEL
#WorldCup

â© https://t.co/fYKuXuYLRd https://t.co/aY4dVymsCi",positive
Group Winners and Runners Up into a hat after the Group Stage. FIFA carry out a draw - Eight random games for the last 16. Wallop #FIFA2018,negative
"RT @AlisaRusBuffo: PLS SIGN! #Russia #WorldCup2018 #football #Ğ ĞÑÑĞ¸Ñ #Ğ§ĞµĞ¼Ğ¿Ğ¸Ğ¾Ğ½Ğ°Ñ‚ #Ğ¤ÑƒÑ‚Ğ±Ğ¾Ğ»
ğŸ‡·ğŸ‡ºSTOP KILLING HOMELESS #ANIMALS IN #RUSSIA! STOPâ€¦",negative
RT @PolandTravel_jp: ãã‚Œã‹ã‚‰ã‚‚ã†ä¸€ã¤ã€‚#FIFA2018 ã®ä»¶ã§å½“å±€ã«é›»è©±ã‚’ã‹ã‘ã¦ã“ã‚‰ã‚Œã‚‹ç•ªçµ„åˆ¶ä½œä¼šç¤¾ã®çš†ã•ã‚“ã¯ã€ã»ã¨ã‚“ã©ãŒé›»è©±ç•ªå·éè¡¨ç¤ºã§ã‹ã‘ã¦æ¥ã‚‰ã‚Œã¾ã™ãŒã€ã“ã‚Œã¯ã„ã‹ãŒãªã‚‚ã®ã§ã—ã‚‡ã†ï¼Ÿ,negative
